date,lat,lng,link_count
2025-06-17,39.8797079,-82.825521,2
2025-06-09,42.0660499,-88.0167406,2
2025-06-13,42.0660499,-88.0167406,3
2025-06-11,41.5668697,-81.5725229,2
2025-07-03,26.9635947,-82.353392,2
2025-06-15,39.7713348,-86.1543633,2
2025-06-28,26.5803705,-81.8388297,2
2025-06-14,40.6073818,-75.4781662,2
2025-06-12,39.6696322,-104.9330448,2
2025-06-12,39.7144889,-82.604314,2
2025-06-10,43.0810666,-88.0180506,2
2025-06-25,26.9516306,-82.3528339,2
2025-06-12,35.7193808,-79.1668682,2
2025-06-11,41.5024516,-74.013145,2
2025-06-15,42.3991718,-71.1240559,2
2025-06-14,45.5154641,-122.6730793,2
2025-07-22,40.7851073,-77.7609543,2
2025-06-14,44.1018782,-69.1093409,2
2025-07-05,39.7528765,-77.5728227,2
2025-06-13,40.7108068,-74.0074021,2
2025-06-15,27.9601054,-82.44403,2
2025-06-09,42.3376346,-83.0210947,2
2025-06-14,45.6454903,-122.6022216,2
2025-06-14,47.6791948,-122.1970221,2
2025-06-10,34.1280759,-84.448772,3
2025-06-09,41.5668697,-81.5725229,2
2025-06-14,34.2367745,-111.322175,2
2025-06-09,36.0922661,-80.252992,2
2025-06-09,42.4122665,-83.1604435,2
2025-06-28,36.1708875,-86.787589,2
2025-06-24,39.6436555,-86.8655415,2
2025-06-11,43.1527454,-77.5838816,2
2025-06-14,42.350008,-71.0765558,2
2025-06-19,38.9986971,-84.6181932,2
2025-06-12,35.5786888,-82.5943658,2
2025-06-15,40.7264295,-73.9817841,2
2025-06-14,41.9847354,-73.4222555,2
2025-06-14,39.9622266,-83.0006437,2
2025-06-24,40.7497802,-73.8854451,2
2025-06-14,41.2384324,-85.8534304,2
2025-06-12,45.5272177,-122.6088886,2
2025-06-15,38.5110686,-122.8003264,2
2025-06-09,43.1529062,-77.5838448,3
2025-06-13,38.5130134,-89.985161,2
2025-07-19,45.5227536,-122.6699971,2
2025-06-09,40.7766412,-73.9521468,2
2025-06-14,39.0421567,-94.5880326,2
2025-06-14,41.5541088,-70.61951,2
2025-07-05,30.229045,-93.2123484,2
2025-06-12,21.3946322,-157.7434198,2
2025-06-10,44.0382672,-92.460462,2
2025-06-14,37.6181995,-122.485361,2
2025-06-14,37.686021,-97.335578,2
2025-06-14,33.0229237,-117.0744276,2
2025-06-14,44.6237665,-73.1223093,2
2025-06-14,38.0133456,-122.2727988,2
2025-06-11,30.2680793,-97.7484097,2
2025-06-15,30.3568213,-97.730807,2
2025-06-14,39.7133519,-82.5988827,3
2025-06-13,30.1108894,-97.3110958,2
2025-06-14,34.1621915,-118.0529948,2
2025-06-14,41.6495389,-83.5333487,2
2025-06-14,43.0748174,-89.3981534,2
2025-06-14,40.7528244,-73.9813707,2
2025-06-14,25.7776071,-80.1877094,3
2025-06-14,29.7875938,-95.8238211,2
2025-06-14,44.0846113,-103.242718,2
2025-06-14,44.3671406,-100.3463686,2
2025-06-14,39.9596806,-75.6052348,2
2025-06-14,40.233338,-111.6669816,2
2025-06-14,29.645316,-82.33228,2
2025-06-14,45.2839994,-93.564818,3
2025-06-14,38.8708705,-78.5262639,2
2025-06-14,41.4178759,-82.6698864,2
2025-06-14,46.5857478,-112.0184292,2
2025-06-14,42.027247,-88.0799923,2
2025-06-14,34.0537136,-118.2426533,3
2025-06-14,33.9749701,-118.0339141,4
2025-06-14,45.484275,-122.8038208,2
2025-06-14,29.0280746,-81.3034302,3
2025-06-14,28.5515741,-81.7695796,3
2025-06-14,38.4388918,-122.6872036,2
2025-06-14,45.2662894,-122.6769682,2
2025-06-21,38.8677444,-77.2378641,2
2025-06-14,33.3848687,-111.9012047,3
2025-06-09,39.9556241,-75.1647529,2
2025-06-14,38.5777886,-121.4932039,3
2025-06-14,55.3416624,-131.6426622,2
2025-06-14,37.7980284,-122.2673383,3
2025-06-14,37.6707529,-122.462943,2
2025-06-14,37.9955332,-121.3168113,2
2025-06-14,29.1867234,-82.1365127,2
2025-06-14,32.2201604,-98.2022892,2
2025-06-14,30.4381359,-84.2813118,2
2025-06-14,44.836167,-93.5995225,2
2025-06-14,42.6781539,-70.8370874,3
2025-06-14,27.0106247,-82.1410084,2
2025-06-14,33.4481438,-112.0945478,2
2025-06-14,38.301672,-122.2829648,2
2025-06-14,40.6947166,-80.3085079,2
2025-06-14,29.7974378,-98.7330117,2
2025-06-14,35.6822308,-105.9394865,2
2025-06-14,47.6565767,-122.3127173,2
2025-06-14,47.6164785,-122.3191799,3
2025-06-14,35.1990254,-111.6512016,5
2025-06-14,32.2498584,-80.8533091,2
2025-06-14,29.0147078,-80.9417303,2
2025-06-14,42.8082034,-70.8747971,2
2025-06-14,27.1010661,-82.4446316,2
2025-06-09,40.6681669,-73.9800645,3
2025-06-14,44.4911044,-103.8592703,2
2025-06-14,28.9090975,-81.9697992,2
2025-06-14,30.4525983,-91.1847952,2
2025-06-14,41.7708796,-88.1523741,2
2025-06-14,37.9734231,-122.5277292,2
2025-06-14,33.2204414,-96.6387592,2
2025-06-14,39.7687106,-86.1628562,2
2025-06-14,38.6260402,-90.1908864,2
2025-06-14,48.4171404,-119.5094811,2
2025-06-14,47.3620375,-122.0207078,2
2025-06-10,44.5161876,-88.0236543,2
2025-06-14,33.9794373,-78.3765428,2
2025-06-14,39.9069708,-75.0445101,3
2025-06-14,30.4024915,-86.6070863,3
2025-06-14,39.7642826,-84.1899414,2
2025-06-14,25.1213054,-80.4172668,2
2025-06-14,37.9662536,-122.3094246,2
2025-06-14,29.4281151,-98.4891472,2
2025-06-10,39.0272588,-86.9483686,2
2025-06-14,41.924389,-73.905303,2
2025-06-14,40.8685717,-82.3192311,2
2025-06-14,34.4144773,-119.685166,2
2025-06-14,41.7642631,-72.6822803,2
2025-06-14,27.8945609,-82.7871997,2
2025-06-14,34.0209858,-118.3954832,2
2025-06-14,45.631375,-89.4085439,2
2025-06-14,38.6768242,-121.7677142,2
2025-06-14,35.1322069,-118.4664138,2
2025-06-14,43.2703822,-89.7229381,2
2025-06-14,36.0981982,-80.2502932,3
2025-06-14,28.8246436,-81.6443379,2
2025-06-14,27.9153121,-82.7852784,2
2025-06-14,42.4991277,-90.6681586,2
2025-06-14,28.8271938,-81.7965862,2
2025-06-14,28.3112549,-81.4159337,2
2025-06-14,35.3187279,-82.4609528,2
2025-06-28,39.9993336,-86.0435761,2
2025-06-11,33.626355,-112.0663915,2
2025-06-14,34.1280759,-84.448772,2
2025-06-14,28.0490925,-82.738479,2
2025-06-09,42.0912814,-70.7025997,2
2025-06-14,38.5759282,-121.4907022,2
2025-06-14,41.3552294,-72.0999133,2
2025-06-14,47.9252636,-97.0303914,2
2025-06-11,43.0875286,-89.362269,2
2025-06-14,20.8873281,-156.4751738,2
2025-06-14,38.5954712,-90.4910783,2
2025-06-14,24.7161554,-81.0757159,2
2025-06-14,39.9356369,-77.6595622,2
2025-06-09,40.5799279,-73.8374906,2
2025-06-14,26.544795,-81.868747,2
2025-06-14,37.7040677,-121.9177812,2
2025-06-14,41.8826581,-80.802242,2
2025-06-14,40.6307451,-74.1181234,2
2025-06-28,42.7263615,-87.7864411,2
2025-06-14,28.83598,-82.3301981,2
2025-06-14,33.8138114,-85.7613031,2
2025-06-14,42.7336274,-84.5553944,3
2025-06-14,43.6177493,-116.199599,2
2025-06-14,42.8494323,-106.3081055,2
2025-06-14,29.6474857,-81.6327057,2
2025-06-14,40.762551,-111.8462899,2
2025-06-14,26.1276376,-81.7643989,3
2025-06-14,44.9551923,-93.1019519,2
2025-06-14,40.3177306,-74.4383252,3
2025-06-14,27.6406691,-80.4489929,2
2025-06-14,41.0354264,-73.8090724,2
2025-06-14,41.4739045,-84.551739,2
2025-06-14,47.8099557,-122.3768079,2
2025-06-14,32.2151229,-80.7042399,3
2025-06-13,30.3568213,-97.730807,2
2025-06-28,36.07347,-95.7929546,9
2025-06-14,40.685789,-74.3164784,2
2025-06-14,42.8540699,-72.5582851,2
2025-06-14,30.1649608,-81.7471304,2
2025-06-14,42.5471339,-70.8846675,2
2025-06-14,37.2764875,-107.8793916,2
2025-06-10,35.9023304,-78.8882947,2
2025-06-14,28.9118145,-81.2930153,2
2025-06-14,28.5550512,-81.7661931,2
2025-06-14,37.3564214,-121.8970398,2
2025-06-14,40.7535367,-73.9829529,2
2025-06-21,35.715814,-79.164944,2
2025-06-14,41.8377678,-69.9720857,2
2025-06-13,39.7687106,-86.1628562,2
2025-06-14,42.2627622,-71.8018178,2
2025-06-14,37.7602015,-122.4267959,3
2025-06-19,45.6260684,-122.536305,2
2025-06-14,26.3686592,-80.0767464,2
2025-06-14,40.6724502,-73.9704931,2
2025-06-14,27.3344769,-82.5441888,3
2025-06-14,26.6709194,-80.0554046,2
2025-06-14,42.4492773,-71.2297485,2
2025-06-14,45.8824493,-95.37859,2
2025-06-14,37.4373123,-122.1599774,3
2025-06-14,35.3720568,-119.0180669,2
2025-06-10,41.9567516,-71.133401,2
2025-06-14,38.9879618,-77.0772255,2
2025-06-14,37.4437446,-122.1413291,3
2025-06-14,41.4133098,-73.3091494,2
2025-06-14,28.6257186,-81.3153357,3
2025-06-14,35.977365,-75.639292,2
2025-06-14,45.0099115,-96.196063,2
2025-06-12,40.7246035,-73.9965755,2
2025-06-13,38.2434348,-85.7618555,2
2025-06-14,25.7941896,-80.1357333,2
2025-06-14,43.0642655,-76.1662414,2
2025-06-14,30.1868732,-85.733404,2
2025-06-14,27.5176501,-81.4940242,2
2025-06-14,38.5792994,-92.172829,2
2025-06-14,43.6440446,-72.1433175,2
2025-06-14,38.9770833,-77.3496708,2
2025-06-14,44.1614006,-94.00472,2
2025-06-14,36.5050247,-87.369763,2
2025-06-10,42.9077833,-85.7647041,2
2025-06-14,38.2324831,-122.6369203,2
2025-06-14,36.3083822,-78.5924031,2
2025-06-14,44.4905524,-73.1117772,2
2025-06-14,44.9243173,-89.6515755,2
2025-06-14,28.2060722,-82.6662254,3
2025-06-14,43.1830552,-88.7304355,2
2025-06-14,44.059025,-121.318238,2
2025-06-14,42.2703297,-89.0903409,2
2025-06-10,27.9797788,-82.7920021,2
2025-06-21,35.8558027,-86.3850387,2
2025-06-14,39.9099155,-82.7784356,2
2025-06-14,42.7872987,-86.1087843,2
2025-06-28,45.8978871,-89.6971346,2
2025-06-14,40.5721453,-75.5190832,2
2025-06-14,47.4070894,-122.3253343,2
2025-06-11,39.0576986,-94.5725456,2
2025-06-14,38.2844062,-85.825403,2
2025-06-14,45.131818,-95.0350679,2
2025-06-14,29.3976616,-98.4177424,2
2025-06-14,40.7973896,-73.9667466,2
2025-06-14,39.6131281,-105.0207837,2
2025-06-14,36.8880705,-121.6473912,2
2025-06-28,42.7342299,-90.4798587,2
2025-06-14,44.1084456,-72.0568434,2
2025-06-26,42.1768435,-83.1949857,2
2025-06-18,45.8978871,-89.6971346,2
2025-06-14,26.9620467,-82.3530347,4
2025-06-14,42.4608449,-71.3493342,2
2025-06-17,26.961976,-82.3592901,2
2025-06-14,38.0537217,-122.1557438,2
2025-06-14,61.6029716,-149.111909,2
2025-06-14,38.4234899,-82.4405759,2
2025-06-14,41.571222,-75.255287,2
2025-06-14,33.9572511,-118.3963194,2
2025-06-14,46.132471,-112.9714832,2
2025-06-14,41.0032594,-76.4572356,2
2025-06-14,41.5373803,-75.947399,2
2025-06-14,39.2281092,-77.2866712,2
2025-06-14,40.9640644,-76.8847555,2
2025-06-20,36.1397301,-80.1975261,2
2025-06-10,39.0154378,-94.6024613,2
2025-06-10,27.3031347,-82.5298895,2
2025-06-14,38.7006838,-75.4022767,2
2025-07-19,29.305741,-94.7925912,2
2025-07-06,35.732978,-79.1748477,2
2025-07-17,39.0816821,-77.0449327,2
2025-06-29,34.1983122,-118.3574036,2
2025-06-14,39.5807181,-104.9603497,4
2025-06-28,42.5837266,-87.8197733,2
2025-06-10,42.0660499,-88.0167406,4
2025-06-14,39.5589,-106.1332,2
2025-06-14,45.4871723,-122.80378,2
2025-06-14,43.5934818,-83.8890319,2
2025-06-14,43.9681588,-124.1071748,2
2025-06-14,38.8356345,-104.8209785,2
2025-06-14,49.4118785,8.711541,3
